MS-DRG,MS-DRG Title, Average Charges 
871,SEPTICEMIA OR SEVERE SEPSIS W/O MV >96 HOURS W MCC,"$39,612.06 "
280,"ACUTE MYOCARDIAL INFARCTION, DISCHARGED ALIVE W MCC","$36,128.68 "
682,RENAL FAILURE W MCC,"$32,472.35 "
189,PULMONARY EDEMA & RESPIRATORY FAILURE,"$26,890.86 "
291,HEART FAILURE & SHOCK W MCC,"$32,295.22 "
470,MAJOR HIP AND KNEE JOINT REPLACEMENT OR REATTACHMENT OF LOWER EXTREMITY W/O MCC,"$44,491.34 "
853,INFECTIOUS & PARASITIC DISEASES W O.R. PROCEDURE W MCC,"$109,301.15 "
872,SEPTICEMIA OR SEVERE SEPSIS W/O MV >96 HOURS W/O MCC,"$23,411.73 "
64,INTRACRANIAL HEMORRHAGE OR CEREBRAL INFARCTION W MCC,"$38,464.98 "
281,"ACUTE MYOCARDIAL INFARCTION, DISCHARGED ALIVE W CC","$21,939.92 "
377,G.I. HEMORRHAGE W MCC,"$37,315.82 "
640,"MISC DISORDERS OF NUTRITION,METABOLISM,FLUIDS/ELECTROLYTES W MCC","$25,895.62 "
313,CHEST PAIN,"$15,985.23 "
870,SEPTICEMIA OR SEVERE SEPSIS W MV >96 HOURS,"$129,579.55 "
392,"ESOPHAGITIS, GASTROENT & MISC DIGEST DISORDERS W/O MCC","$17,185.00 "
91,OTHER DISORDERS OF NERVOUS SYSTEM W MCC,"$33,646.85 "
312,SYNCOPE & COLLAPSE,"$17,969.48 "
689,KIDNEY & URINARY TRACT INFECTIONS W MCC,"$23,932.53 "
246,PERCUTANEOUS CARDIOVASCULAR PROCEDURES W DRUG-ELUTING STENT W MCC OR 4+ ARTERIES OR STENTS,"$68,866.76 "
683,RENAL FAILURE W CC,"$20,767.54 "
775,VAGINAL DELIVERY W/O COMPLICATING DIAGNOSES,"$14,783.33 "
65,INTRACRANIAL HEMORRHAGE OR CEREBRAL INFARCTION W CC OR TPA IN 24 HRS,"$22,916.19 "
690,KIDNEY & URINARY TRACT INFECTIONS W/O MCC,"$17,927.27 "
69,TRANSIENT ISCHEMIA W/O THROMBOLYTIC,"$17,033.21 "
917,POISONING & TOXIC EFFECTS OF DRUGS W MCC,"$30,736.94 "
308,CARDIAC ARRHYTHMIA & CONDUCTION DISORDERS W MCC,"$26,235.17 "
100,SEIZURES W MCC,"$35,919.91 "
391,"ESOPHAGITIS, GASTROENT & MISC DIGEST DISORDERS W MCC","$27,215.65 "
378,G.I. HEMORRHAGE W CC,"$21,634.17 "
208,RESPIRATORY SYSTEM DIAGNOSIS W VENTILATOR SUPPORT <=96 HOURS,"$51,101.76 "
177,RESPIRATORY INFECTIONS & INFLAMMATIONS W MCC,"$40,198.24 "
795,NORMAL NEWBORN,"$5,010.01 "
193,SIMPLE PNEUMONIA & PLEURISY W MCC,"$30,127.60 "
603,CELLULITIS W/O MCC,"$19,103.85 "
641,"MISC DISORDERS OF NUTRITION,METABOLISM,FLUIDS/ELECTROLYTES W/O MCC","$16,906.68 "
469,MAJOR HIP AND KNEE JOINT REPLACEMENT OR REATTACHMENT OF LOWER EXTREMITY W MCC OR TOTAL ANKLE REPLACEMENT,"$68,670.66 "
309,CARDIAC ARRHYTHMIA & CONDUCTION DISORDERS W CC,"$17,452.83 "
438,DISORDERS OF PANCREAS EXCEPT MALIGNANCY W MCC,"$36,162.40 "
287,"CIRCULATORY DISORDERS EXCEPT AMI, W CARD CATH W/O MCC","$25,950.47 "
602,CELLULITIS W MCC,"$31,673.18 "
552,MEDICAL BACK PROBLEMS W/O MCC,"$20,021.09 "
101,SEIZURES W/O MCC,"$18,646.28 "
74,CRANIAL & PERIPHERAL NERVE DISORDERS W/O MCC,"$21,279.93 "
247,PERC CARDIOVASC PROC W DRUG-ELUTING STENT W/O MCC,"$45,783.91 "
4,"TRACH W MV >96 HRS OR PDX EXC FACE, MOUTH & NECK W/O MAJ O.R.","$195,431.72 "
480,HIP & FEMUR PROCEDURES EXCEPT MAJOR JOINT W MCC,"$64,851.99 "
314,OTHER CIRCULATORY SYSTEM DIAGNOSES W MCC,"$42,465.03 "
441,"DISORDERS OF LIVER EXCEPT MALIG,CIRR,ALC HEPA W MCC","$39,464.43 "
305,HYPERTENSION W/O MCC,"$15,757.48 "
854,INFECTIOUS & PARASITIC DISEASES W O.R. PROCEDURE W CC,"$51,595.19 "
388,G.I. OBSTRUCTION W MCC,"$33,307.35 "
637,DIABETES W MCC,"$29,317.90 "
190,CHRONIC OBSTRUCTIVE PULMONARY DISEASE W MCC,"$25,478.14 "
300,PERIPHERAL VASCULAR DISORDERS W CC,"$22,648.42 "
460,SPINAL FUSION EXCEPT CERVICAL W/O MCC,"$85,832.49 "
483,MAJOR JOINT/LIMB REATTACHMENT PROCEDURE OF UPPER EXTREMITIES,"$52,343.78 "
794,NEONATE W OTHER SIGNIFICANT PROBLEMS,"$29,511.89 "
536,FRACTURES OF HIP & PELVIS W/O MCC,"$17,083.82 "
299,PERIPHERAL VASCULAR DISORDERS W MCC,"$30,930.98 "
563,"FX, SPRN, STRN & DISL EXCEPT FEMUR, HIP, PELVIS & THIGH W/O MCC","$18,538.76 "
282,"ACUTE MYOCARDIAL INFARCTION, DISCHARGED ALIVE W/O CC/MCC","$17,170.28 "
481,HIP & FEMUR PROCEDURES EXCEPT MAJOR JOINT W CC,"$44,402.79 "
286,"CIRCULATORY DISORDERS EXCEPT AMI, W CARD CATH W MCC","$48,158.21 "
638,DIABETES W CC,"$19,122.82 "
698,OTHER KIDNEY & URINARY TRACT DIAGNOSES W MCC,"$34,656.86 "
551,MEDICAL BACK PROBLEMS W MCC,"$33,927.26 "
304,HYPERTENSION W MCC,"$23,280.97 "
694,URINARY STONES W/O ESW LITHOTRIPSY W/O MCC,"$18,342.65 "
310,CARDIAC ARRHYTHMIA & CONDUCTION DISORDERS W/O CC/MCC,"$13,035.31 "
242,PERMANENT CARDIAC PACEMAKER IMPLANT W MCC,"$79,308.49 "
283,"ACUTE MYOCARDIAL INFARCTION, EXPIRED W MCC","$38,226.69 "
393,OTHER DIGESTIVE SYSTEM DIAGNOSES W MCC,"$35,772.30 "
535,FRACTURES OF HIP & PELVIS W MCC,"$27,675.29 "
765,CESAREAN SECTION W CC/MCC,"$25,992.63 "
207,RESPIRATORY SYSTEM DIAGNOSIS W VENTILATOR SUPPORT >96 HOURS,"$116,820.42 "
61,"ISCHEMIC STROKE, PRECEREBRAL OCCLUSION OR TRANSIENT ISCHEMIA W THROMBOLYTIC AGENT W MCC","$60,170.90 "
292,HEART FAILURE & SHOCK W CC,"$21,391.67 "
202,BRONCHITIS & ASTHMA W CC/MCC,"$20,700.04 "
766,CESAREAN SECTION W/O CC/MCC,"$18,825.50 "
252,OTHER VASCULAR PROCEDURES W MCC,"$69,353.82 "
175,PULMONARY EMBOLISM W MCC,"$32,124.42 "
73,CRANIAL & PERIPHERAL NERVE DISORDERS W MCC,"$30,774.97 "
562,"FX, SPRN, STRN & DISL EXCEPT FEMUR, HIP, PELVIS & THIGH W MCC","$30,313.12 "
389,G.I. OBSTRUCTION W CC,"$19,173.41 "
605,"TRAUMA TO THE SKIN, SUBCUT TISS & BREAST W/O MCC","$19,011.06 "
660,KIDNEY & URETER PROCEDURES FOR NON-NEOPLASM W CC,"$38,979.50 "
92,OTHER DISORDERS OF NERVOUS SYSTEM W CC,"$20,927.76 "
191,CHRONIC OBSTRUCTIVE PULMONARY DISEASE W CC,"$20,522.91 "
270,OTHER MAJOR CARDIOVASCULAR PROCEDURES W MCC,"$105,362.32 "
269,AORTIC AND HEART ASSIST PROCEDURES EXCEPT PULSATION BALLOON W/O MCC,"$88,799.26 "
472,CERVICAL SPINAL FUSION W CC,"$61,341.16 "
468,REVISION OF HIP OR KNEE REPLACEMENT W/O CC/MCC,"$60,573.58 "
85,"TRAUMATIC STUPOR & COMA, COMA <1 HR W MCC","$44,354.27 "
56,DEGENERATIVE NERVOUS SYSTEM DISORDERS W MCC,"$41,522.45 "
896,ALCOHOL/DRUG ABUSE OR DEPENDENCE W/O REHABILITATION THERAPY W MCC,"$35,664.77 "
781,OTHER ANTEPARTUM DIAGNOSES W MEDICAL COMPLICATIONS,"$19,340.02 "
432,CIRRHOSIS & ALCOHOLIC HEPATITIS W MCC,"$39,137.63 "
643,ENDOCRINE DISORDERS W MCC,"$34,730.68 "
205,OTHER RESPIRATORY SYSTEM DIAGNOSES W MCC,"$32,655.85 "
557,"TENDONITIS, MYOSITIS & BURSITIS W MCC","$31,605.75 "
315,OTHER CIRCULATORY SYSTEM DIAGNOSES W CC,"$21,539.28 "
918,POISONING & TOXIC EFFECTS OF DRUGS W/O MCC,"$16,993.11 "
3,"ECMO OR TRACH W MV >96 HRS OR PDX EXC FACE, MOUTH & NECK W MAJ O.R.","$248,536.00 "
473,CERVICAL SPINAL FUSION W/O CC/MCC,"$49,495.05 "
371,MAJOR GASTROINTESTINAL DISORDERS & PERITONEAL INFECTIONS W MCC,"$37,535.10 "
947,SIGNS & SYMPTOMS W MCC,"$25,927.23 "
194,SIMPLE PNEUMONIA & PLEURISY W CC,"$20,851.87 "
206,OTHER RESPIRATORY SYSTEM DIAGNOSES W/O MCC,"$19,135.46 "
554,BONE DISEASES & ARTHROPATHIES W/O MCC,"$17,022.66 "
301,PERIPHERAL VASCULAR DISORDERS W/O CC/MCC,"$16,463.86 "
149,DYSEQUILIBRIUM,"$16,023.20 "
303,ATHEROSCLEROSIS W/O MCC,"$15,154.45 "
329,MAJOR SMALL & LARGE BOWEL PROCEDURES W MCC,"$104,776.13 "
467,REVISION OF HIP OR KNEE REPLACEMENT W CC,"$74,507.24 "
919,COMPLICATIONS OF TREATMENT W MCC,"$38,089.62 "
559,"AFTERCARE, MUSCULOSKELETAL SYSTEM & CONNECTIVE TISSUE W MCC","$36,626.32 "
811,RED BLOOD CELL DISORDERS W MCC,"$29,379.06 "
57,DEGENERATIVE NERVOUS SYSTEM DISORDERS W/O MCC,"$25,109.16 "
774,VAGINAL DELIVERY W COMPLICATING DIAGNOSES,"$18,684.22 "
390,G.I. OBSTRUCTION W/O CC/MCC,"$13,754.36 "
463,"WND DEBRID & SKN GRFT EXC HAND, FOR MUSCULO-CONN TISS DIS W MCC","$106,964.85 "
444,DISORDERS OF THE BILIARY TRACT W MCC,"$34,905.69 "
580,"OTHER SKIN, SUBCUT TISS & BREAST PROC W CC","$33,979.99 "
564,OTHER MUSCULOSKELETAL SYS & CONNECTIVE TISSUE DIAGNOSES W MCC,"$32,023.23 "
604,"TRAUMA TO THE SKIN, SUBCUT TISS & BREAST W MCC","$30,515.56 "
553,BONE DISEASES & ARTHROPATHIES W MCC,"$28,356.35 "
86,"TRAUMATIC STUPOR & COMA, COMA <1 HR W CC","$26,104.40 "
394,OTHER DIGESTIVE SYSTEM DIAGNOSES W CC,"$21,060.59 "
914,TRAUMATIC INJURY W/O MCC,"$18,680.04 "
880,ACUTE ADJUSTMENT REACTION & PSYCHOSOCIAL DYSFUNCTION,"$18,222.46 "
907,OTHER O.R. PROCEDURES FOR INJURIES W MCC,"$89,147.25 "
253,OTHER VASCULAR PROCEDURES W CC,"$54,627.35 "
250,PERC CARDIOVASC PROC W/O CORONARY ARTERY STENT W MCC,"$54,013.77 "
374,DIGESTIVE MALIGNANCY W MCC,"$43,375.93 "
62,"ISCHEMIC STROKE, PRECEREBRAL OCCLUSION OR TRANSIENT ISCHEMIA W THROMBOLYTIC AGENT W CC","$41,914.62 "
380,COMPLICATED PEPTIC ULCER W MCC,"$41,170.31 "
58,MULTIPLE SCLEROSIS & CEREBELLAR ATAXIA W MCC,"$35,719.59 "
52,SPINAL DISORDERS & INJURIES W CC/MCC,"$32,995.33 "
543,PATHOLOGICAL FRACTURES & MUSCULOSKELET & CONN TISS MALIG W CC,"$23,943.11 "
372,MAJOR GASTROINTESTINAL DISORDERS & PERITONEAL INFECTIONS W CC,"$23,504.50 "
948,SIGNS & SYMPTOMS W/O MCC,"$17,465.48 "
311,ANGINA PECTORIS,"$15,498.17 "
471,CERVICAL SPINAL FUSION W MCC,"$104,889.99 "
856,POSTOPERATIVE OR POST-TRAUMATIC INFECTIONS W O.R. PROC W MCC,"$95,034.41 "
356,OTHER DIGESTIVE SYSTEM O.R. PROCEDURES W MCC,"$81,429.72 "
659,KIDNEY & URETER PROCEDURES FOR NON-NEOPLASM W MCC,"$73,138.76 "
271,OTHER MAJOR CARDIOVASCULAR PROCEDURES W CC,"$72,520.93 "
840,LYMPHOMA & NON-ACUTE LEUKEMIA W MCC,"$66,104.46 "
243,PERMANENT CARDIAC PACEMAKER IMPLANT W CC,"$56,183.51 "
330,MAJOR SMALL & LARGE BOWEL PROCEDURES W CC,"$53,233.56 "
488,KNEE PROCEDURES W/O PDX OF INFECTION W CC/MCC,"$43,272.56 "
542,PATHOLOGICAL FRACTURES & MUSCULOSKELET & CONN TISS MALIG W MCC,"$39,348.49 "
742,UTERINE & ADNEXA PROC FOR NON-MALIGNANCY W CC/MCC,"$35,732.26 "
196,INTERSTITIAL LUNG DISEASE W MCC,"$34,836.11 "
186,PLEURAL EFFUSION W MCC,"$33,322.14 "
922,"OTHER INJURY, POISONING & TOXIC EFFECT DIAG W MCC","$32,423.86 "
560,"AFTERCARE, MUSCULOSKELETAL SYSTEM & CONNECTIVE TISSUE W CC","$23,888.23 "
743,UTERINE & ADNEXA PROC FOR NON-MALIGNANCY W/O CC/MCC,"$23,831.34 "
863,POSTOPERATIVE & POST-TRAUMATIC INFECTIONS W/O MCC,"$22,412.25 "
386,INFLAMMATORY BOWEL DISEASE W CC,"$21,457.04 "
439,DISORDERS OF PANCREAS EXCEPT MALIGNANCY W CC,"$19,605.70 "
923,"OTHER INJURY, POISONING & TOXIC EFFECT DIAG W/O MCC","$18,393.26 "
103,HEADACHES W/O MCC,"$16,982.59 "
66,INTRACRANIAL HEMORRHAGE OR CEREBRAL INFARCTION W/O CC/MCC,"$16,917.26 "
293,HEART FAILURE & SHOCK W/O CC/MCC,"$15,377.98 "
894,"ALCOHOL/DRUG ABUSE OR DEPENDENCE, LEFT AMA","$12,229.84 "
454,COMBINED ANTERIOR/POSTERIOR SPINAL FUSION W CC,"$138,165.73 "
459,SPINAL FUSION EXCEPT CERVICAL W MCC,"$128,493.63 "
25,CRANIOTOMY & ENDOVASCULAR INTRACRANIAL PROCEDURES W MCC,"$91,979.04 "
492,"LOWER EXTREM & HUMER PROC EXCEPT HIP,FOOT,FEMUR W MCC","$70,775.00 "
579,"OTHER SKIN, SUBCUT TISS & BREAST PROC W MCC","$57,275.77 "
808,MAJOR HEMATOL/IMMUN DIAG EXC SICKLE CELL CRISIS & COAGUL W MCC,"$46,058.05 "
902,WOUND DEBRIDEMENTS FOR INJURIES W CC,"$43,304.23 "
368,MAJOR ESOPHAGEAL DISORDERS W MCC,"$39,913.58 "
199,PNEUMOTHORAX W MCC,"$39,266.24 "
494,"LOWER EXTREM & HUMER PROC EXCEPT HIP,FOOT,FEMUR W/O CC/MCC","$38,205.66 "
435,MALIGNANCY OF HEPATOBILIARY SYSTEM OR PANCREAS W MCC,"$36,392.21 "
385,INFLAMMATORY BOWEL DISEASE W MCC,"$36,035.89 "
345,MINOR SMALL & LARGE BOWEL PROCEDURES W CC,"$34,095.97 "
183,MAJOR CHEST TRAUMA W MCC,"$32,314.19 "
59,MULTIPLE SCLEROSIS & CEREBELLAR ATAXIA W CC,"$23,789.16 "
445,DISORDERS OF THE BILIARY TRACT W CC,"$23,485.50 "
176,PULMONARY EMBOLISM W/O MCC,"$20,050.61 "
812,RED BLOOD CELL DISORDERS W/O MCC,"$19,789.18 "
558,"TENDONITIS, MYOSITIS & BURSITIS W/O MCC","$19,236.71 "
556,SIGNS & SYMPTOMS OF MUSCULOSKELETAL SYSTEM & CONN TISSUE W/O MCC,"$17,600.39 "
561,"AFTERCARE, MUSCULOSKELETAL SYSTEM & CONNECTIVE TISSUE W/O CC/MCC","$17,222.94 "
192,CHRONIC OBSTRUCTIVE PULMONARY DISEASE W/O CC/MCC,"$16,493.39 "
153,OTITIS MEDIA & URI W/O MCC,"$16,253.06 "
195,SIMPLE PNEUMONIA & PLEURISY W/O CC/MCC,"$16,143.39 "
921,COMPLICATIONS OF TREATMENT W/O CC/MCC,"$16,130.76 "
440,DISORDERS OF PANCREAS EXCEPT MALIGNANCY W/O CC/MCC,"$14,629.38 "
916,ALLERGIC REACTIONS W/O MCC,"$13,830.24 "
40,PERIPH/CRANIAL NERVE & OTHER NERV SYST PROC W MCC,"$81,465.57 "
673,OTHER KIDNEY & URINARY TRACT PROCEDURES W MCC,"$75,485.57 "
264,OTHER CIRCULATORY SYSTEM O.R. PROCEDURES,"$69,022.74 "
515,OTHER MUSCULOSKELET SYS & CONN TISS O.R. PROC W MCC,"$62,734.94 "
974,HIV W MAJOR RELATED CONDITION W MCC,"$59,652.17 "
417,LAPAROSCOPIC CHOLECYSTECTOMY W/O C.D.E. W MCC,"$51,595.19 "
545,CONNECTIVE TISSUE DISORDERS W MCC,"$51,009.00 "
493,"LOWER EXTREM & HUMER PROC EXCEPT HIP,FOOT,FEMUR W CC","$47,639.48 "
813,COAGULATION DISORDERS,"$37,674.23 "
180,RESPIRATORY NEOPLASMS W MCC,"$36,797.09 "
418,LAPAROSCOPIC CHOLECYSTECTOMY W/O C.D.E. W CC,"$36,307.90 "
251,PERC CARDIOVASC PROC W/O CORONARY ARTERY STENT W/O MCC,"$36,234.11 "
70,NONSPECIFIC CEREBROVASCULAR DISORDERS W MCC,"$35,936.76 "
154,"OTHER EAR, NOSE, MOUTH & THROAT DIAGNOSES W MCC","$31,808.13 "
517,OTHER MUSCULOSKELET SYS & CONN TISS O.R. PROC W/O CC/MCC,"$31,455.60 "
693,URINARY STONES W/O ESW LITHOTRIPSY W MCC,"$31,268.40 "
67,NONSPECIFIC CVA & PRECEREBRAL OCCLUSION W/O INFARCT W MCC,"$30,973.17 "
669,TRANSURETHRAL PROCEDURES W CC,"$30,332.12 "
583,MASTECTOMY FOR MALIGNANCY W/O CC/MCC,"$29,748.03 "
375,DIGESTIVE MALIGNANCY W CC,"$27,209.32 "
699,OTHER KIDNEY & URINARY TRACT DIAGNOSES W CC,"$23,240.88 "
433,CIRRHOSIS & ALCOHOLIC HEPATITIS W CC,"$22,711.63 "
184,MAJOR CHEST TRAUMA W CC,"$22,576.68 "
155,"OTHER EAR, NOSE, MOUTH & THROAT DIAGNOSES W CC","$20,099.10 "
384,UNCOMPLICATED PEPTIC ULCER W/O MCC,"$19,656.28 "
60,MULTIPLE SCLEROSIS & CEREBELLAR ATAXIA W/O CC/MCC,"$18,987.91 "
866,VIRAL ILLNESS W/O MCC,"$18,053.79 "
897,ALCOHOL/DRUG ABUSE OR DEPENDENCE W/O REHABILITATION THERAPY W/O MCC,"$17,823.92 "
72,NONSPECIFIC CEREBROVASCULAR DISORDERS W/O CC/MCC,"$17,204.00 "
395,OTHER DIGESTIVE SYSTEM DIAGNOSES W/O CC/MCC,"$15,399.04 "
684,RENAL FAILURE W/O CC/MCC,"$14,424.89 "
639,DIABETES W/O CC/MCC,"$14,367.94 "
163,MAJOR CHEST PROCEDURES W MCC,"$105,385.53 "
981,EXTENSIVE O.R. PROCEDURE UNRELATED TO PRINCIPAL DIAGNOSIS W MCC,"$92,050.77 "
474,AMPUTATION FOR MUSCULOSKELETAL SYS & CONN TISSUE DIS W MCC,"$82,629.53 "
166,OTHER RESP SYSTEM O.R. PROCEDURES W MCC,"$75,966.34 "
29,SPINAL PROCEDURES W CC OR SPINAL NEUROSTIMULATORS,"$70,203.57 "
258,CARDIAC PACEMAKER DEVICE REPLACEMENT W MCC,"$66,148.70 "
248,PERCUTANEOUS CARDIOVASCULAR PROCEDURES W NON-DRUG-ELUTING STENT W MCC OR 4+ ARTERIES OR STENTS,"$65,436.02 "
518,BACK & NECK PROC EXC SPINAL FUSION W MCC OR DISC DEVICE/NEUROSTIM,"$62,176.14 "
464,"WND DEBRID & SKN GRFT EXC HAND, FOR MUSCULO-CONN TISS DIS W CC","$61,138.71 "
344,MINOR SMALL & LARGE BOWEL PROCEDURES W MCC,"$59,219.92 "
240,AMPUTATION FOR CIRC SYS DISORDERS EXC UPPER LIMB & TOE W CC,"$57,408.62 "
668,TRANSURETHRAL PROCEDURES W MCC,"$56,735.98 "
347,ANAL & STOMAL PROCEDURES W MCC,"$56,622.09 "
629,"OTHER ENDOCRINE, NUTRIT & METAB O.R. PROC W CC","$50,003.27 "
478,BIOPSIES OF MUSCULOSKELETAL SYSTEM & CONNECTIVE TISSUE W CC,"$48,377.47 "
82,"TRAUMATIC STUPOR & COMA, COMA >1 HR W MCC","$46,585.17 "
244,PERMANENT CARDIAC PACEMAKER IMPLANT W/O CC/MCC,"$46,287.91 "
857,POSTOPERATIVE OR POST-TRAUMATIC INFECTIONS W O.R. PROC W CC,"$43,095.43 "
623,"SKIN GRAFTS & WOUND DEBRID FOR ENDOC, NUTRIT & METAB DIS W CC","$41,174.55 "
539,OSTEOMYELITIS W MCC,"$40,917.26 "
516,OTHER MUSCULOSKELET SYS & CONN TISS O.R. PROC W CC,"$40,858.26 "
519,BACK & NECK PROC EXC SPINAL FUSION W CC,"$39,209.30 "
814,RETICULOENDOTHELIAL & IMMUNITY DISORDERS W MCC,"$38,180.33 "
740,"UTERINE,ADNEXA PROC FOR NON-OVARIAN/ADNEXAL MALIG W CC","$37,471.83 "
501,SOFT TISSUE PROCEDURES W CC,"$36,794.93 "
935,NON-EXTENSIVE BURNS,"$36,765.44 "
331,MAJOR SMALL & LARGE BOWEL PROCEDURES W/O CC/MCC,"$36,510.31 "
841,LYMPHOMA & NON-ACUTE LEUKEMIA W CC,"$35,346.39 "
915,ALLERGIC REACTIONS W MCC,"$35,287.35 "
63,"ISCHEMIC STROKE, PRECEREBRAL OCCLUSION OR TRANSIENT ISCHEMIA W THROMBOLYTIC AGENT W/O CC/MCC","$35,268.35 "
513,"HAND OR WRIST PROC, EXCEPT MAJOR THUMB OR JOINT PROC W CC/MCC","$34,640.00 "
77,HYPERTENSIVE ENCEPHALOPATHY W MCC,"$34,315.26 "
592,SKIN ULCERS W MCC,"$32,419.65 "
348,ANAL & STOMAL PROCEDURES W CC,"$30,954.13 "
88,CONCUSSION W MCC,"$30,783.36 "
306,CARDIAC CONGENITAL & VALVULAR DISORDERS W MCC,"$29,895.64 "
54,NERVOUS SYSTEM NEOPLASMS W MCC,"$28,902.49 "
642,INBORN AND OTHER DISORDERS OF METABOLISM,"$27,550.88 "
581,"OTHER SKIN, SUBCUT TISS & BREAST PROC W/O CC/MCC","$26,983.66 "
809,MAJOR HEMATOL/IMMUN DIAG EXC SICKLE CELL CRISIS & COAGUL W CC,"$26,401.76 "
436,MALIGNANCY OF HEPATOBILIARY SYSTEM OR PANCREAS W CC,"$25,115.45 "
381,COMPLICATED PEPTIC ULCER W CC,"$23,907.26 "
302,ATHEROSCLEROSIS W MCC,"$23,793.37 "
102,HEADACHES W MCC,"$23,548.77 "
200,PNEUMOTHORAX W CC,"$23,548.77 "
152,OTITIS MEDIA & URI W MCC,"$23,337.95 "
89,CONCUSSION W CC,"$22,401.67 "
644,ENDOCRINE DISORDERS W CC,"$22,308.95 "
55,NERVOUS SYSTEM NEOPLASMS W/O MCC,"$22,249.84 "
920,COMPLICATIONS OF TREATMENT W CC,"$22,245.67 "
71,NONSPECIFIC CEREBROVASCULAR DISORDERS W CC,"$22,041.10 "
442,"DISORDERS OF LIVER EXCEPT MALIG,CIRR,ALC HEPA W CC","$20,982.58 "
767,VAGINAL DELIVERY W STERILIZATION &/OR D&C,"$20,807.57 "
760,MENSTRUAL & OTHER FEMALE REPRODUCTIVE SYSTEM DISORDERS W CC/MCC,"$19,278.83 "
87,"TRAUMATIC STUPOR & COMA, COMA <1 HR W/O CC/MCC","$18,717.98 "
307,CARDIAC CONGENITAL & VALVULAR DISORDERS W/O MCC,"$18,620.98 "
776,POSTPARTUM & POST ABORTION DIAGNOSES W/O O.R. PROCEDURE,"$18,197.16 "
446,DISORDERS OF THE BILIARY TRACT W/O CC/MCC,"$17,866.11 "
607,MINOR SKIN DISORDERS W/O MCC,"$17,830.28 "
566,OTHER MUSCULOSKELETAL SYS & CONNECTIVE TISSUE DIAGNOSES W/O CC/MCC,"$17,556.15 "
534,FRACTURES OF FEMUR W/O MCC,"$17,218.76 "
203,BRONCHITIS & ASTHMA W/O CC/MCC,"$16,050.60 "
782,OTHER ANTEPARTUM DIAGNOSES W/O MEDICAL COMPLICATIONS,"$14,068.53 "
453,COMBINED ANTERIOR/POSTERIOR SPINAL FUSION W MCC,"$172,145.80 "
268,AORTIC AND HEART ASSIST PROCEDURES EXCEPT PULSATION BALLOON W MCC,"$138,798.35 "
23,CRANIOTOMY W MAJOR DEVICE IMPLANT OR ACUTE CNS PDX W MCC OR CHEMOTHERAPY IMPLANT OR EPILEPSY W NEUROSTIMULATOR,"$117,039.74 "
820,LYMPHOMA & LEUKEMIA W MAJOR O.R. PROCEDURE W MCC,"$115,409.79 "
455,COMBINED ANTERIOR/POSTERIOR SPINAL FUSION W/O CC/MCC,"$108,253.17 "
466,REVISION OF HIP OR KNEE REPLACEMENT W MCC,"$107,510.97 "
239,AMPUTATION FOR CIRC SYS DISORDERS EXC UPPER LIMB & TOE W MCC,"$99,131.41 "
229,OTHER CARDIOTHORACIC PROCEDURES W/O MCC,"$97,836.75 "
326,"STOMACH, ESOPHAGEAL & DUODENAL PROC W MCC","$97,069.21 "
901,WOUND DEBRIDEMENTS FOR INJURIES W MCC,"$88,767.67 "
420,HEPATOBILIARY DIAGNOSTIC PROCEDURES W MCC,"$86,747.61 "
956,"LIMB REATTACHMENT, HIP & FEMUR PROC FOR MULTIPLE SIGNIFICANT TRAUMA","$83,548.88 "
24,CRANIO W MAJOR DEV IMPL/ACUTE COMPLEX CNS PDX W/O MCC,"$81,963.20 "
628,"OTHER ENDOCRINE, NUTRIT & METAB O.R. PROC W MCC","$76,584.19 "
414,CHOLECYSTECTOMY EXCEPT BY LAPAROSCOPE W/O C.D.E. W MCC,"$75,962.15 "
462,BILATERAL OR MULTIPLE MAJOR JOINT PROCS OF LOWER EXTREMITY W/O MCC,"$69,999.04 "
656,KIDNEY & URETER PROCEDURES FOR NEOPLASM W MCC,"$69,800.85 "
987,NON-EXTENSIVE O.R. PROC UNRELATED TO PRINCIPAL DIAGNOSIS W MCC,"$69,412.89 "
477,BIOPSIES OF MUSCULOSKELETAL SYSTEM & CONNECTIVE TISSUE W MCC,"$69,349.58 "
37,EXTRACRANIAL PROCEDURES W MCC,"$67,993.76 "
662,MINOR BLADDER PROCEDURES W MCC,"$65,393.84 "
353,HERNIA PROCEDURES EXCEPT INGUINAL & FEMORAL W MCC,"$64,641.09 "
500,SOFT TISSUE PROCEDURES W MCC,"$63,572.05 "
570,SKIN DEBRIDEMENT W MCC,"$55,888.32 "
510,"SHOULDER,ELBOW OR FOREARM PROC,EXC MAJOR JOINT PROC W MCC","$53,634.26 "
503,FOOT PROCEDURES W MCC,"$53,625.78 "
982,EXTENSIVE O.R. PROCEDURE UNRELATED TO PRINCIPAL DIAGNOSIS W CC,"$53,549.90 "
350,INGUINAL & FEMORAL HERNIA PROCEDURES W MCC,"$53,060.65 "
272,OTHER MAJOR CARDIOVASCULAR PROCEDURES W/O CC/MCC,"$52,915.18 "
498,LOCAL EXCISION & REMOVAL INT FIX DEVICES OF HIP & FEMUR W CC/MCC,"$52,392.24 "
336,PERITONEAL ADHESIOLYSIS W CC,"$50,509.24 "
674,OTHER KIDNEY & URINARY TRACT PROCEDURES W CC,"$50,020.12 "
709,PENIS PROCEDURES W CC/MCC,"$49,353.74 "
486,KNEE PROCEDURES W PDX OF INFECTION W CC,"$48,035.90 "
327,"STOMACH, ESOPHAGEAL & DUODENAL PROC W CC","$45,796.57 "
617,"AMPUTAT OF LOWER LIMB FOR ENDOCRINE,NUTRIT,& METABOL DIS W CC","$45,412.82 "
548,SEPTIC ARTHRITIS W MCC,"$44,156.08 "
415,CHOLECYSTECTOMY EXCEPT BY LAPAROSCOPE W/O C.D.E. W CC,"$43,789.20 "
717,OTHER MALE REPRODUCTIVE SYSTEM O.R. PROC EXC MALIGNANCY W CC/MCC,"$41,853.54 "
584,"BREAST BIOPSY, LOCAL EXCISION & OTHER BREAST PROCEDURES W CC/MCC","$40,305.77 "
167,OTHER RESP SYSTEM O.R. PROCEDURES W CC,"$40,177.15 "
862,POSTOPERATIVE & POST-TRAUMATIC INFECTIONS W MCC,"$39,818.70 "
254,OTHER VASCULAR PROCEDURES W/O CC/MCC,"$39,396.94 "
597,MALIGNANT BREAST DISORDERS W MCC,"$39,198.75 "
843,OTHER MYELOPROLIF DIS OR POORLY DIFF NEOPL DIAG W MCC,"$38,897.24 "
511,"SHOULDER,ELBOW OR FOREARM PROC,EXC MAJOR JOINT PROC W CC","$38,834.04 "
36,CAROTID ARTERY STENT PROCEDURE W/O CC/MCC,"$38,361.67 "
906,HAND PROCEDURES FOR INJURIES,"$37,954.70 "
256,UPPER LIMB & TOE AMPUTATION FOR CIRC SYSTEM DISORDERS W CC,"$37,929.40 "
666,PROSTATECTOMY W CC,"$37,853.52 "
80,NONTRAUMATIC STUPOR & COMA W MCC,"$37,792.33 "
722,"MALIGNANCY, MALE REPRODUCTIVE SYSTEM W MCC","$37,792.33 "
988,NON-EXTENSIVE O.R. PROC UNRELATED TO PRINCIPAL DIAGNOSIS W CC,"$37,239.94 "
339,APPENDECTOMY W COMPLICATED PRINCIPAL DIAG W CC,"$37,128.17 "
744,"D&C, CONIZATION, LAPAROSCOPY & TUBAL INTERRUPTION W CC/MCC","$37,007.98 "
482,HIP & FEMUR PROCEDURES EXCEPT MAJOR JOINT W/O CC/MCC,"$36,371.15 "
487,KNEE PROCEDURES W PDX OF INFECTION W/O CC/MCC,"$36,166.62 "
571,SKIN DEBRIDEMENT W CC,"$35,517.16 "
38,EXTRACRANIAL PROCEDURES W CC,"$34,230.95 "
505,FOOT PROCEDURES W/O CC/MCC,"$33,334.81 "
328,"STOMACH, ESOPHAGEAL & DUODENAL PROC W/O CC/MCC","$32,896.20 "
512,"SHOULDER,ELBOW OR FOREARM PROC,EXC MAJOR JOINT PROC W/O CC/MCC","$32,719.00 "
351,INGUINAL & FEMORAL HERNIA PROCEDURES W CC,"$32,575.66 "
342,APPENDECTOMY W/O COMPLICATED PRINCIPAL DIAG W CC,"$32,554.57 "
582,MASTECTOMY FOR MALIGNANCY W CC/MCC,"$32,425.95 "
964,OTHER MULTIPLE SIGNIFICANT TRAUMA W CC,"$31,302.07 "
497,LOCAL EXCISION & REMOVAL INT FIX DEVICES EXC HIP & FEMUR W/O CC/MCC,"$30,429.14 "
506,MAJOR THUMB OR JOINT PROCEDURES,"$30,258.29 "
975,HIV W MAJOR RELATED CONDITION W CC,"$29,840.79 "
150,EPISTAXIS W MCC,"$29,066.95 "
355,HERNIA PROCEDURES EXCEPT INGUINAL & FEMORAL W/O CC/MCC,"$29,020.55 "
419,LAPAROSCOPIC CHOLECYSTECTOMY W/O C.D.E. W/O CC/MCC,"$28,695.87 "
520,BACK & NECK PROC EXC SPINAL FUSION W/O CC/MCC,"$28,514.52 "
178,RESPIRATORY INFECTIONS & INFLAMMATIONS W CC,"$28,484.97 "
489,KNEE PROCEDURES W/O PDX OF INFECTION W/O CC/MCC,"$28,324.72 "
725,BENIGN PROSTATIC HYPERTROPHY W MCC,"$28,031.64 "
555,SIGNS & SYMPTOMS OF MUSCULOSKELETAL SYSTEM & CONN TISSUE W MCC,"$27,993.66 "
748,FEMALE REPRODUCTIVE SYSTEM RECONSTRUCTIVE PROCEDURES,"$27,896.69 "
83,"TRAUMATIC STUPOR & COMA, COMA >1 HR W CC","$27,671.07 "
340,APPENDECTOMY W COMPLICATED PRINCIPAL DIAG W/O CC/MCC,"$26,473.38 "
181,RESPIRATORY NEOPLASMS W CC,"$25,549.81 "
546,CONNECTIVE TISSUE DISORDERS W CC,"$24,934.14 "
687,KIDNEY & URINARY TRACT NEOPLASMS W CC,"$24,339.49 "
369,MAJOR ESOPHAGEAL DISORDERS W CC,"$24,111.75 "
729,OTHER MALE REPRODUCTIVE SYSTEM DIAGNOSES W CC/MCC,"$23,432.83 "
758,"INFECTIONS, FEMALE REPRODUCTIVE SYSTEM W CC","$22,325.78 "
965,OTHER MULTIPLE SIGNIFICANT TRAUMA W/O CC/MCC,"$22,121.26 "
78,HYPERTENSIVE ENCEPHALOPATHY W CC,"$22,117.02 "
670,TRANSURETHRAL PROCEDURES W/O CC/MCC,"$21,914.61 "
537,"SPRAINS, STRAINS, & DISLOCATIONS OF HIP, PELVIS & THIGH W CC/MCC","$21,585.65 "
600,NON-MALIGNANT BREAST DISORDERS W CC/MCC,"$21,349.52 "
565,OTHER MUSCULOSKELETAL SYS & CONNECTIVE TISSUE DIAGNOSES W CC,"$21,263.08 "
777,ECTOPIC PREGNANCY,"$19,690.04 "
382,COMPLICATED PEPTIC ULCER W/O CC/MCC,"$18,110.73 "
188,PLEURAL EFFUSION W/O CC/MCC,"$18,026.37 "
951,OTHER FACTORS INFLUENCING HEALTH STATUS,"$17,889.26 "
90,CONCUSSION W/O CC/MCC,"$17,844.98 "
770,"ABORTION W D&C, ASPIRATION CURETTAGE OR HYSTEROTOMY","$17,785.98 "
284,"ACUTE MYOCARDIAL INFARCTION, EXPIRED W CC","$17,771.26 "
544,PATHOLOGICAL FRACTURES & MUSCULOSKELET & CONN TISS MALIG W/O CC/MCC,"$17,532.94 "
125,OTHER DISORDERS OF THE EYE W/O MCC,"$17,457.02 "
79,HYPERTENSIVE ENCEPHALOPATHY W/O CC/MCC,"$17,374.80 "
204,RESPIRATORY SIGNS & SYMPTOMS,"$17,330.53 "
201,PNEUMOTHORAX W/O CC/MCC,"$17,199.79 "
123,NEUROLOGICAL EYE DISORDERS,"$16,965.72 "
316,OTHER CIRCULATORY SYSTEM DIAGNOSES W/O CC/MCC,"$16,780.16 "
645,ENDOCRINE DISORDERS W/O CC/MCC,"$16,752.77 "
726,BENIGN PROSTATIC HYPERTROPHY W/O MCC,"$16,723.24 "
93,OTHER DISORDERS OF NERVOUS SYSTEM W/O CC/MCC,"$16,546.18 "
759,"INFECTIONS, FEMALE REPRODUCTIVE SYSTEM W/O CC/MCC","$16,263.61 "
443,"DISORDERS OF LIVER EXCEPT MALIG,CIRR,ALC HEPA W/O CC/MCC","$15,485.50 "
156,"OTHER EAR, NOSE, MOUTH & THROAT DIAGNOSES W/O CC/MCC","$15,209.24 "
379,G.I. HEMORRHAGE W/O CC/MCC,"$14,766.48 "
298,"CARDIAC ARREST, UNEXPLAINED W/O CC/MCC","$11,401.14 "
